state,area_between_bounds,max_ev,date_max_ev,range_at_max,last_observation_date,model_name
Alaska,0.0,0.0,2020-05-02,0.0,2020-05-01,-
Alabama,10659.57499999999,29.305,2020-06-28,187.0,2020-05-01,-
Arkansas,327.04999999999995,2.439,2020-05-08,2.0,2020-05-01,-
Arizona,1988.5250000000005,13.332,2020-05-06,17.0,2020-05-01,-
California,6123.649999999996,81.515,2020-05-02,35.025000000000006,2020-05-01,-
Colorado,677.0999999999999,28.105999999999998,2020-05-02,10.0,2020-05-01,-
Connecticut,2743.4250000000006,90.045,2020-05-02,37.0,2020-05-01,-
District of Columbia,678.1499999999999,13.231,2020-05-04,10.024999999999999,2020-05-01,-
Delaware,1073.1749999999997,10.559000000000001,2020-05-04,9.0,2020-05-01,-
Florida,9170.524999999994,49.852,2020-05-02,29.0,2020-05-01,-
Georgia,10121.924999999994,60.909,2020-05-30,158.025,2020-05-01,-
Hawaii,3.0,1.0,2020-05-02,0.0,2020-05-01,-
Iowa,6528.849999999995,20.761999999999997,2020-06-09,104.025,2020-05-01,-
Idaho,40.02499999999998,1.021,2020-05-02,0.0,2020-05-01,-
Illinois,9127.149999999992,122.991,2020-05-05,85.025,2020-05-01,-
Indiana,19247.100000000006,87.421,2020-05-07,109.0,2020-05-01,-
Kansas,286.07499999999993,3.7689999999999997,2020-05-02,3.0,2020-05-01,-
Kentucky,707.1749999999998,8.206,2020-05-02,5.0,2020-05-01,-
Louisiana,1014.3499999999998,48.99,2020-05-02,12.0,2020-05-01,-
Massachusetts,7036.974999999994,198.74,2020-05-02,120.0,2020-05-01,-
Maryland,1825.4000000000005,59.451,2020-05-02,31.0,2020-05-01,-
Maine,84.04999999999995,1.186,2020-05-04,1.0,2020-05-01,-
Michigan,6012.149999999998,129.826,2020-05-02,58.0,2020-05-01,-
Minnesota,5564.299999999997,41.409,2020-05-16,93.025,2020-05-01,-
Missouri,3649.550000000001,13.837,2020-05-04,14.0,2020-05-01,-
Mississippi,527.1499999999999,8.814,2020-05-02,7.0,2020-05-01,-
Montana,2.0,0.154,2020-05-02,1.0,2020-05-01,-
North Carolina,1959.3750000000005,23.471,2020-05-05,20.0,2020-05-01,-
North Dakota,44.0,1.075,2020-05-04,1.0,2020-05-01,-
Nebraska,1083.1749999999997,6.4110000000000005,2020-05-17,16.0,2020-05-01,-
New Hampshire,309.025,3.58,2020-05-03,2.0,2020-05-01,-
New Jersey,14048.524999999994,311.23,2020-05-03,163.05,2020-05-01,-
New Mexico,1033.2999999999997,8.221,2020-05-06,10.0,2020-05-01,-
Nevada,569.05,8.902999999999999,2020-05-02,4.0,2020-05-01,-
New York,7856.1249999999945,476.48199999999997,2020-05-02,138.04999999999995,2020-05-01,-
Ohio,3720.1500000000033,66.22800000000001,2020-05-05,48.025000000000006,2020-05-01,-
Oklahoma,458.075,7.09,2020-05-04,6.0,2020-05-01,-
Oregon,144.04999999999998,3.155,2020-05-03,1.0,2020-05-01,-
Pennsylvania,17585.125000000007,174.25400000000002,2020-05-06,156.0,2020-05-01,-
Rhode Island,301.05,11.699000000000002,2020-05-02,6.024999999999999,2020-05-01,-
South Carolina,2848.9500000000025,22.07,2020-05-08,26.0,2020-05-01,-
South Dakota,1448.5,3.9989999999999997,2020-06-20,24.0,2020-05-01,-
Tennessee,857.1999999999999,6.856,2020-05-04,8.0,2020-05-01,-
Texas,9098.624999999995,41.008,2020-05-30,114.025,2020-05-01,-
Utah,84.025,1.631,2020-05-04,2.0,2020-05-01,-
Virginia,1262.4750000000004,29.381,2020-05-02,19.0,2020-05-01,-
Vermont,5.0,1.0,2020-05-02,0.0,2020-05-01,-
Washington,236.0,16.88,2020-05-02,6.0,2020-05-01,-
Wisconsin,672.2749999999999,11.132,2020-05-03,6.0,2020-05-01,-
West Virginia,345.04999999999995,2.128,2020-05-02,1.0,2020-05-01,-
Wyoming,0.0,0.0,2020-05-02,0.0,2020-05-01,-
Alaska,219.05,4.463,2020-04-21,6.0,2020-03-30,-
Alabama,1622.4000000000003,36.937,2020-04-21,46.025000000000006,2020-03-30,-
Arkansas,596.1249999999999,28.704,2020-04-23,16.0,2020-03-30,-
Arizona,2146.175,48.733000000000004,2020-04-27,67.0,2020-03-30,-
California,9924.774999999992,122.12700000000001,2020-04-29,272.025,2020-03-30,-
Colorado,762.0749999999999,67.229,2020-04-18,29.0,2020-03-30,-
Connecticut,358.0,13.589,2020-04-17,23.0,2020-03-30,-
District of Columbia,220.05,16.104,2020-04-18,12.0,2020-03-30,-
Delaware,295.05,7.718999999999999,2020-04-19,10.0,2020-03-30,-
Florida,9873.999999999993,136.243,2020-05-04,241.0,2020-03-30,-
Georgia,2532.0250000000024,76.692,2020-04-24,59.0,2020-03-30,-
Hawaii,617.1249999999999,11.652999999999999,2020-05-02,15.0,2020-03-30,-
Iowa,941.3999999999997,24.855,2020-04-19,31.0,2020-03-30,-
Idaho,1014.3249999999997,11.488,2020-05-01,20.0,2020-03-30,-
Illinois,2948.2500000000005,88.473,2020-04-18,141.0,2020-03-30,-
Indiana,961.0749999999999,30.261,2020-04-19,29.0,2020-03-30,-
Kansas,935.0,20.508000000000003,2020-04-28,31.0,2020-03-30,-
Kentucky,2487.3250000000007,22.969,2020-05-16,57.0,2020-03-30,-
Louisiana,1047.0,71.68,2020-04-17,125.0,2020-03-30,-
Massachusetts,727.05,64.219,2020-04-17,46.0,2020-03-30,-
Maryland,3484.375000000001,47.156000000000006,2020-05-02,114.0,2020-03-30,-
Maine,515.1,12.088,2020-04-26,15.0,2020-03-30,-
Michigan,1184.05,117.194,2020-04-17,181.0,2020-03-30,-
Minnesota,1106.325,49.161,2020-04-20,56.025000000000006,2020-03-30,-
Missouri,2648.350000000001,21.736,2020-05-20,50.0,2020-03-30,-
Mississippi,1626.125,46.787,2020-04-22,76.0,2020-03-30,-
Montana,390.125,8.547,2020-04-27,10.0,2020-03-30,-
North Carolina,3451.7500000000014,79.564,2020-04-23,97.0,2020-03-30,-
North Dakota,305.0,5.191,2020-05-03,6.0,2020-03-30,-
Nebraska,767.2499999999998,13.433,2020-05-02,17.025,2020-03-30,-
New Hampshire,464.15,10.841,2020-04-22,14.0,2020-03-30,-
New Jersey,624.025,58.615,2020-04-17,86.0,2020-03-30,-
New Mexico,891.125,16.281,2020-05-02,19.0,2020-03-30,-
Nevada,573.0,15.270999999999999,2020-04-23,20.0,2020-03-30,-
New York,4621.15,551.419,2020-04-17,662.025,2020-03-30,-
Ohio,3365.5750000000016,56.983999999999995,2020-04-22,145.025,2020-03-30,-
Oklahoma,452.125,41.885,2020-04-23,22.0,2020-03-30,-
Oregon,942.05,11.349,2020-05-07,22.0,2020-03-30,-
Pennsylvania,1529.0750000000003,62.805,2020-04-17,73.0,2020-03-30,-
Rhode Island,340.15,8.351,2020-04-20,11.0,2020-03-30,-
South Carolina,1303.0749999999998,29.829,2020-04-28,40.025,2020-03-30,-
South Dakota,358.04999999999995,6.2860000000000005,2020-05-03,8.0,2020-03-30,-
Tennessee,5510.324999999997,192.482,2020-04-27,226.07500000000002,2020-03-30,-
Texas,11743.474999999995,154.513,2020-05-06,344.025,2020-03-30,-
Utah,957.3499999999998,17.105999999999998,2020-04-25,22.0,2020-03-30,-
Virginia,5114.5,31.241999999999997,2020-05-28,94.0,2020-03-30,-
Vermont,38.0,2.0,2020-04-17,2.0,2020-03-30,-
Washington,2334.3250000000007,27.354,2020-04-21,49.0,2020-03-30,-
Wisconsin,1871.2750000000003,24.945,2020-04-28,53.025,2020-03-30,-
West Virginia,844.1749999999998,15.507,2020-05-02,20.0,2020-03-30,-
Wyoming,260.025,4.397,2020-05-03,6.0,2020-03-30,-
Alaska,670.3249999999998,17.883,2020-04-21,86.09999999999991,2020-04-05,-
Alabama,2803.5000000000005,42.68,2020-04-22,197.15,2020-04-05,-
Arkansas,746.2749999999999,10.415,2020-04-27,44.0,2020-04-05,-
Arizona,1335.5249999999999,17.406,2020-04-23,63.07499999999989,2020-04-05,-
California,1585.7,69.567,2020-04-17,284.42499999999995,2020-04-05,-
Colorado,142.04999999999998,8.491,2020-04-17,29.0,2020-04-05,-
Connecticut,15492.824999999997,191.88400000000001,2020-04-22,378.125,2020-04-05,-
District of Columbia,77.02499999999998,1.921,2020-04-17,7.0,2020-04-05,-
Delaware,32.02499999999998,1.275,2020-04-17,5.0,2020-04-05,-
Florida,13333.69999999999,242.472,2020-04-21,481.04999999999995,2020-04-05,-
Georgia,6498.474999999996,137.467,2020-04-21,297.025,2020-04-05,-
Hawaii,237.14999999999986,10.673,2020-04-17,56.074999999999896,2020-04-05,-
Iowa,1658.9749999999997,17.037,2020-04-26,94.05,2020-04-05,-
Idaho,104.04999999999998,2.935,2020-04-19,10.0,2020-04-05,-
Illinois,5003.574999999998,195.995,2020-04-19,916.649999999999,2020-04-05,-
Indiana,3213.475,95.95100000000001,2020-04-17,668.5,2020-04-05,-
Kansas,595.15,10.374,2020-04-23,36.0,2020-04-05,-
Kentucky,5900.949999999998,54.223,2020-04-25,115.1,2020-04-05,-
Louisiana,45.0,6.127999999999999,2020-04-17,13.0,2020-04-05,-
Massachusetts,23027.149999999998,372.69800000000004,2020-04-18,1464.05,2020-04-05,-
Maryland,5127.2999999999965,137.862,2020-04-19,783.15,2020-04-05,-
Maine,280.09999999999997,6.035,2020-04-19,28.05,2020-04-05,-
Michigan,1478.35,95.75,2020-04-17,446.075,2020-04-05,-
Minnesota,2003.9250000000004,24.456999999999997,2020-04-26,127.025,2020-04-05,-
Missouri,724.5249999999997,11.807,2020-04-18,41.12499999999989,2020-04-05,-
Mississippi,388.125,8.433,2020-04-19,28.0,2020-04-05,-
Montana,47.02499999999998,0.98,2020-04-17,4.0,2020-04-05,-
North Carolina,780.4499999999997,25.64,2020-04-17,92.025,2020-04-05,-
North Dakota,1447.525,22.063000000000002,2020-04-20,94.025,2020-04-05,-
Nebraska,1454.8999999999994,17.924,2020-04-25,86.09999999999991,2020-04-05,-
New Hampshire,72.0,1.6969999999999998,2020-04-17,6.0,2020-04-05,-
New Jersey,10375.074999999997,512.705,2020-04-18,1961.4750000000001,2020-04-05,-
New Mexico,2537.25,26.991,2020-04-22,128.075,2020-04-05,-
Nevada,2020.8500000000008,50.496,2020-04-20,214.125,2020-04-05,-
New York,6611.349999999999,504.911,2020-04-17,1738.025,2020-04-05,-
Ohio,337.17499999999995,21.224,2020-04-17,66.025,2020-04-05,-
Oklahoma,1837.6250000000005,28.555,2020-04-24,99.0,2020-04-05,-
Oregon,197.09999999999994,4.606,2020-04-21,7.024999999999981,2020-04-05,-
Pennsylvania,1026.375,28.265,2020-04-17,81.0,2020-04-05,-
Rhode Island,5804.949999999997,39.760999999999996,2020-04-29,297.549999999999,2020-04-05,-
South Carolina,1000.4249999999997,13.831,2020-04-29,51.025,2020-04-05,-
South Dakota,877.4499999999996,8.906,2020-04-27,36.0,2020-04-05,-
Tennessee,1088.3999999999999,25.349,2020-04-18,87.05,2020-04-05,-
Texas,3879.875000000002,71.70100000000001,2020-04-20,201.05,2020-04-05,-
Utah,584.2249999999999,6.6979999999999995,2020-04-26,26.025,2020-04-05,-
Virginia,3742.650000000001,59.382,2020-04-22,212.025,2020-04-05,-
Vermont,21.0,0.713,2020-04-17,2.0,2020-04-05,-
Washington,315.125,13.440999999999999,2020-04-17,37.025,2020-04-05,-
Wisconsin,1145.3249999999998,31.655,2020-04-21,101.05,2020-04-05,-
West Virginia,723.7249999999996,17.184,2020-04-17,102.05,2020-04-05,-
Wyoming,612.4499999999997,5.5760000000000005,2020-04-29,27.0749999999999,2020-04-05,-
Alaska,172.04999999999995,4.63,2020-04-17,5.0,2020-04-01,-
Alabama,6575.174999999999,303.285,2020-04-19,534.025,2020-04-01,-
Arkansas,661.05,20.674,2020-04-27,23.0,2020-04-01,-
Arizona,1872.0,40.21,2020-04-28,59.0,2020-04-01,-
California,9425.574999999995,119.425,2020-04-28,261.0,2020-04-01,-
Colorado,1872.5000000000007,84.82700000000001,2020-04-19,60.025,2020-04-01,-
Connecticut,587.05,43.29600000000001,2020-04-17,29.0,2020-04-01,-
District of Columbia,122.0,9.219,2020-04-17,3.0,2020-04-01,-
Delaware,136.02499999999998,7.356,2020-04-17,11.0,2020-04-01,-
Florida,16373.349999999997,175.083,2020-05-04,490.04999999999995,2020-04-01,-
Georgia,3038.725000000001,95.773,2020-04-25,125.025,2020-04-01,-
Hawaii,563.1999999999999,11.917,2020-05-04,13.0,2020-04-01,-
Iowa,942.2749999999999,48.766999999999996,2020-05-02,32.0,2020-04-01,-
Idaho,647.0749999999999,11.615,2020-04-26,22.0,2020-04-01,-
Illinois,12296.349999999986,109.209,2020-04-21,408.025,2020-04-01,-
Indiana,3457.6250000000014,34.555,2020-04-20,72.0,2020-04-01,-
Kansas,972.1249999999999,18.345,2020-04-29,32.025,2020-04-01,-
Kentucky,1642.05,15.195,2020-05-18,36.025,2020-04-01,-
Louisiana,1031.0,62.178999999999995,2020-04-17,119.0,2020-04-01,-
Massachusetts,1977.375000000001,100.455,2020-04-17,111.07500000000002,2020-04-01,-
Maryland,3894.375000000001,53.258,2020-04-30,135.0,2020-04-01,-
Maine,354.025,12.164000000000001,2020-04-18,12.0,2020-04-01,-
Michigan,1152.025,120.65700000000001,2020-04-17,168.0,2020-04-01,-
Minnesota,1012.1999999999999,36.498000000000005,2020-04-23,43.0,2020-04-01,-
Missouri,2835.1500000000005,22.023000000000003,2020-05-23,50.0,2020-04-01,-
Mississippi,1598.7250000000004,34.25,2020-04-22,64.0749999999999,2020-04-01,-
Montana,331.025,8.712,2020-04-27,9.0,2020-04-01,-
North Carolina,2488.05,50.611999999999995,2020-04-28,99.0,2020-04-01,-
North Dakota,205.07499999999993,5.601,2020-04-22,6.0,2020-04-01,-
Nebraska,610.1249999999999,14.604000000000001,2020-04-24,17.025,2020-04-01,-
New Hampshire,352.025,10.918,2020-04-18,12.0,2020-04-01,-
New Jersey,673.0,68.434,2020-04-17,92.0,2020-04-01,-
New Mexico,694.1249999999999,17.205,2020-04-25,19.0,2020-04-01,-
Nevada,1191.225,26.474,2020-04-21,39.0,2020-04-01,-
New York,4405.325000000001,577.683,2020-04-17,634.0999999999999,2020-04-01,-
Ohio,2292.05,68.89,2020-04-20,115.0,2020-04-01,-
Oklahoma,505.025,52.242,2020-04-24,21.0,2020-04-01,-
Oregon,869.05,10.975999999999999,2020-05-09,20.0,2020-04-01,-
Pennsylvania,2162.475000000001,78.926,2020-04-19,93.025,2020-04-01,-
Rhode Island,293.025,8.439,2020-04-21,9.0,2020-04-01,-
South Carolina,1111.1,30.703000000000003,2020-04-29,32.0,2020-04-01,-
South Dakota,358.0999999999999,6.319,2020-05-05,7.025,2020-04-01,-
Tennessee,1391.2250000000001,165.364,2020-04-21,83.0,2020-04-01,-
Texas,10250.299999999997,160.79399999999998,2020-05-07,289.025,2020-04-01,-
Utah,830.025,17.74,2020-04-24,21.0,2020-04-01,-
Virginia,9426.074999999995,58.846000000000004,2020-05-20,183.025,2020-04-01,-
Vermont,31.0,1.545,2020-04-17,2.0,2020-04-01,-
Washington,836.1249999999999,21.37,2020-04-17,31.0,2020-04-01,-
Wisconsin,2019.3000000000009,24.736,2020-04-29,56.0,2020-04-01,-
West Virginia,815.175,15.158,2020-05-04,16.0,2020-04-01,-
Wyoming,255.0999999999999,4.385,2020-05-05,5.024999999999981,2020-04-01,-
Alaska,60.02499999999998,1.874,2020-04-18,7.0,2020-04-16,-
Alabama,661.2999999999997,12.788,2020-04-20,51.0,2020-04-16,-
Arkansas,500.17499999999984,3.59,2020-05-02,14.0,2020-04-16,-
Arizona,549.1499999999999,7.62,2020-04-17,34.0,2020-04-16,-
California,2496.5750000000007,61.347,2020-04-17,241.0,2020-04-16,-
Colorado,1555.1750000000002,22.430999999999997,2020-04-18,113.0,2020-04-16,-
Connecticut,7606.049999999997,107.87700000000001,2020-04-21,516.05,2020-04-16,-
District of Columbia,340.17499999999995,6.9110000000000005,2020-04-18,26.0,2020-04-16,-
Delaware,343.15,6.475,2020-04-21,24.025,2020-04-16,-
Florida,2660.350000000001,42.831,2020-04-17,179.05,2020-04-16,-
Georgia,3327.8750000000014,40.195,2020-04-18,177.075,2020-04-16,-
Hawaii,111.025,4.575,2020-04-17,17.025,2020-04-16,-
Iowa,2578.775,17.132,2020-05-08,78.0,2020-04-16,-
Idaho,103.02499999999998,2.412,2020-04-17,11.0,2020-04-16,-
Illinois,3862.5249999999996,94.75200000000001,2020-04-19,334.15,2020-04-16,-
Indiana,2007.3500000000006,35.349000000000004,2020-04-17,169.025,2020-04-16,-
Kansas,410.19999999999993,5.835,2020-04-19,21.025,2020-04-16,-
Kentucky,1085.075,12.484000000000002,2020-04-23,52.0,2020-04-16,-
Louisiana,1508.9750000000004,60.773,2020-04-17,180.025,2020-04-16,-
Massachusetts,8324.824999999999,135.313,2020-04-20,538.075,2020-04-16,-
Maryland,2735.2999999999993,45.827,2020-04-20,215.25,2020-04-16,-
Maine,109.04999999999995,1.829,2020-04-20,8.0,2020-04-16,-
Michigan,4761.874999999998,123.838,2020-04-17,498.15,2020-04-16,-
Minnesota,512.3,8.26,2020-04-17,39.025,2020-04-16,-
Missouri,838.1249999999999,12.955,2020-04-17,59.0,2020-04-16,-
Mississippi,1161.375,11.423,2020-04-24,56.0,2020-04-16,-
Montana,37.0,2.385,2020-04-17,9.0,2020-04-16,-
North Carolina,375.07500000000005,11.946,2020-04-17,43.025,2020-04-16,-
North Dakota,648.2999999999998,3.805,2020-05-05,17.0,2020-04-16,-
Nebraska,470.025,2.819,2020-05-01,12.0,2020-04-16,-
New Hampshire,95.04999999999995,2.628,2020-04-17,11.0,2020-04-16,-
New Jersey,10329.725,267.575,2020-04-17,855.15,2020-04-16,-
New Mexico,203.025,3.53,2020-04-19,14.0,2020-04-16,-
Nevada,424.15,9.604,2020-04-17,34.0,2020-04-16,-
New York,26538.425000000007,822.087,2020-04-17,2454.1749999999997,2020-04-16,-
Ohio,1221.0500000000002,30.5,2020-04-18,119.0,2020-04-16,-
Oklahoma,1065.5749999999998,9.472999999999999,2020-04-20,39.025,2020-04-16,-
Oregon,251.02499999999998,3.654,2020-04-19,15.0,2020-04-16,-
Pennsylvania,3639.450000000001,78.66,2020-04-17,329.05,2020-04-16,-
Rhode Island,1535.4000000000005,18.374000000000002,2020-04-25,80.0,2020-04-16,-
South Carolina,346.15,6.665,2020-04-17,22.025,2020-04-16,-
South Dakota,412.2999999999998,3.076,2020-05-12,15.0,2020-04-16,-
Tennessee,345.075,6.093,2020-04-17,21.0,2020-04-16,-
Texas,2085.825,33.955999999999996,2020-04-19,130.025,2020-04-16,-
Utah,715.2999999999998,6.711,2020-04-25,25.025,2020-04-16,-
Virginia,2161.7500000000005,24.456,2020-04-25,98.0,2020-04-16,-
Vermont,43.0,1.155,2020-04-17,6.0,2020-04-16,-
Washington,271.04999999999995,14.982999999999999,2020-04-17,35.0,2020-04-16,-
Wisconsin,396.05,9.818999999999999,2020-04-17,40.0,2020-04-16,-
West Virginia,46.0,1.3969999999999998,2020-04-18,6.0,2020-04-16,-
Wyoming,1377.7749999999996,20.855999999999998,2020-05-01,93.0749999999999,2020-04-16,-
Alaska,190.10000000000002,3.9419999999999997,2020-05-02,5.0,2020-03-29,-
Alabama,1374.1749999999997,56.937,2020-04-21,48.0,2020-03-29,-
Arkansas,546.0749999999999,25.033,2020-04-20,19.0,2020-03-29,-
Arizona,875.075,54.847,2020-04-25,25.0,2020-03-29,-
California,6162.2,100.4,2020-04-28,203.0,2020-03-29,-
Colorado,556.0999999999999,84.376,2020-04-19,37.0,2020-03-29,-
Connecticut,111.0,13.138,2020-04-17,10.0,2020-03-29,-
District of Columbia,99.0,4.438,2020-04-21,3.0,2020-03-29,-
Delaware,596.125,27.236,2020-04-20,18.0,2020-03-29,-
Florida,14474.299999999996,174.24099999999999,2020-05-04,441.025,2020-03-29,-
Georgia,828.125,83.714,2020-04-23,21.0,2020-03-29,-
Hawaii,557.125,12.356,2020-05-01,13.0,2020-03-29,-
Iowa,67.025,4.5760000000000005,2020-04-17,2.0,2020-03-29,-
Idaho,31.0,2.679,2020-04-17,1.0,2020-03-29,-
Illinois,1937.025,87.76899999999999,2020-04-17,86.0,2020-03-29,-
Indiana,619.025,33.733000000000004,2020-04-18,24.0,2020-03-29,-
Kansas,786.025,19.025,2020-04-29,22.0,2020-03-29,-
Kentucky,1176.0,10.867,2020-05-15,28.0,2020-03-29,-
Louisiana,1164.1,67.327,2020-04-17,141.025,2020-03-29,-
Massachusetts,725.0,79.874,2020-04-17,52.0,2020-03-29,-
Maryland,2809.425000000001,21.921999999999997,2020-05-14,67.025,2020-03-29,-
Maine,3514.675000000001,99.287,2020-04-26,102.025,2020-03-29,-
Michigan,1061.0500000000002,112.712,2020-04-17,159.025,2020-03-29,-
Minnesota,1863.3000000000002,70.34899999999999,2020-04-22,62.025000000000006,2020-03-29,-
Missouri,1738.125,20.108,2020-05-13,39.0,2020-03-29,-
Mississippi,3239.05,91.537,2020-04-23,167.0,2020-03-29,-
Montana,415.04999999999995,9.002,2020-05-01,10.0,2020-03-29,-
North Carolina,1463.225,55.831,2020-04-23,53.0,2020-03-29,-
North Dakota,265.075,5.377999999999999,2020-05-01,6.0,2020-03-29,-
Nebraska,639.15,13.231,2020-05-01,15.0,2020-03-29,-
New Hampshire,503.075,11.228,2020-05-01,12.0,2020-03-29,-
New Jersey,586.0,71.403,2020-04-17,81.0,2020-03-29,-
New Mexico,754.175,16.28,2020-05-01,18.0,2020-03-29,-
Nevada,369.0,18.524,2020-04-21,11.0,2020-03-29,-
New York,4950.075,552.276,2020-04-17,740.0,2020-03-29,-
Ohio,1410.0,38.864000000000004,2020-04-21,60.0,2020-03-29,-
Oklahoma,813.125,51.626999999999995,2020-04-18,58.025,2020-03-29,-
Oregon,726.025,9.798,2020-05-05,19.0,2020-03-29,-
Pennsylvania,1350.025,66.617,2020-04-17,86.0,2020-03-29,-
Rhode Island,205.0,10.164,2020-04-20,7.0,2020-03-29,-
South Carolina,793.0,31.906999999999996,2020-04-26,24.0,2020-03-29,-
South Dakota,306.05,6.415,2020-05-01,6.025,2020-03-29,-
Tennessee,817.025,34.675,2020-04-27,24.0,2020-03-29,-
Texas,6106.674999999999,102.027,2020-05-03,160.025,2020-03-29,-
Utah,624.1499999999999,15.567,2020-04-28,18.0,2020-03-29,-
Virginia,6494.099999999996,34.634,2020-05-20,136.0,2020-03-29,-
Vermont,60.0,2.949,2020-04-17,5.0,2020-03-29,-
Washington,2615.3250000000007,28.619,2020-04-24,64.0,2020-03-29,-
Wisconsin,4718.199999999998,37.155,2020-04-27,184.0,2020-03-29,-
West Virginia,835.1499999999999,17.164,2020-05-02,18.0,2020-03-29,-
Wyoming,198.05,4.17,2020-05-02,5.0,2020-03-29,-
Alaska,55.0,0.951,2020-04-21,4.0,2020-04-12,-
Alabama,723.3749999999998,11.469000000000001,2020-04-23,35.0,2020-04-12,-
Arkansas,559.3,4.364,2020-05-04,13.0,2020-04-12,-
Arizona,3232.0250000000024,25.686999999999998,2020-05-02,85.025,2020-04-12,-
California,1632.8000000000004,51.701,2020-04-19,184.2,2020-04-12,-
Colorado,214.125,9.992,2020-04-17,27.05,2020-04-12,-
Connecticut,13176.924999999994,167.547,2020-04-26,411.075,2020-04-12,-
District of Columbia,169.09999999999997,4.002,2020-04-17,20.0,2020-04-12,-
Delaware,115.17499999999995,2.844,2020-04-17,15.05,2020-04-12,-
Florida,12606.324999999997,127.829,2020-05-06,391.3,2020-04-12,-
Georgia,8984.824999999997,91.149,2020-05-03,239.10000000000002,2020-04-12,-
Hawaii,320.2,4.206,2020-04-22,21.025,2020-04-12,-
Iowa,1729.5250000000003,16.784000000000002,2020-05-06,47.0,2020-04-12,-
Idaho,128.07499999999996,2.445,2020-04-21,10.0,2020-04-12,-
Illinois,914.3249999999999,50.412,2020-04-17,168.475,2020-04-12,-
Indiana,1161.6750000000002,39.201,2020-04-17,161.1,2020-04-12,-
Kansas,1822.4750000000001,14.964,2020-04-30,48.025,2020-04-12,-
Kentucky,2961.9250000000006,28.395,2020-05-01,78.0,2020-04-12,-
Louisiana,365.1,25.343000000000004,2020-04-17,80.0,2020-04-12,-
Massachusetts,23671.39999999999,240.892,2020-04-29,713.225,2020-04-12,-
Maryland,941.1999999999999,25.01,2020-04-18,109.05,2020-04-12,-
Maine,140.1249999999999,2.247,2020-04-19,9.02499999999998,2020-04-12,-
Michigan,1155.3750000000002,76.85,2020-04-17,221.075,2020-04-12,-
Minnesota,2217.8250000000003,16.972,2020-04-29,55.099999999999895,2020-04-12,-
Missouri,4412.275000000001,50.848,2020-04-29,139.0,2020-04-12,-
Mississippi,700.3749999999999,13.593,2020-04-22,48.025,2020-04-12,-
Montana,59.02499999999998,0.937,2020-04-22,4.0,2020-04-12,-
North Carolina,819.3999999999997,20.329,2020-04-19,82.05,2020-04-12,-
North Dakota,119.04999999999995,0.6709999999999999,2020-04-30,3.0,2020-04-12,-
Nebraska,913.4249999999997,7.598,2020-05-05,27.0,2020-04-12,-
New Hampshire,156.05,4.167,2020-04-17,19.025,2020-04-12,-
New Jersey,3629.7,191.14700000000002,2020-04-17,708.4,2020-04-12,-
New Mexico,596.125,3.7760000000000002,2020-04-28,14.0,2020-04-12,-
Nevada,389.15,9.165,2020-04-17,37.0,2020-04-12,-
New York,5423.924999999998,474.05,2020-04-17,1157.4750000000001,2020-04-12,-
Ohio,439.1,19.379,2020-04-17,80.025,2020-04-12,-
Oklahoma,2732.4250000000015,24.249000000000002,2020-05-01,70.025,2020-04-12,-
Oregon,573.0999999999999,5.544,2020-04-27,14.0,2020-04-12,-
Pennsylvania,3859.0250000000005,88.109,2020-04-18,353.25,2020-04-12,-
Rhode Island,4117.775,27.342,2020-05-04,115.125,2020-04-12,-
South Carolina,1753.7750000000008,16.124000000000002,2020-05-02,44.025,2020-04-12,-
South Dakota,818.3249999999998,5.902,2020-05-02,30.0,2020-04-12,-
Tennessee,849.7249999999992,18.952,2020-04-18,65.1749999999998,2020-04-12,-
Texas,7495.649999999998,71.10600000000001,2020-04-30,203.075,2020-04-12,-
Utah,602.7249999999998,4.513999999999999,2020-05-03,15.05,2020-04-12,-
Virginia,3469.1500000000024,32.656,2020-04-28,97.025,2020-04-12,-
Vermont,27.0,0.444,2020-04-29,1.0,2020-04-12,-
Washington,461.17499999999995,22.171999999999997,2020-04-17,44.025,2020-04-12,-
Wisconsin,361.125,14.462,2020-04-17,50.0,2020-04-12,-
West Virginia,315.2,3.787,2020-04-20,20.025,2020-04-12,-
Wyoming,225.04999999999998,1.6840000000000002,2020-05-07,10.025,2020-04-12,-
Alaska,332.20000000000005,7.666,2020-04-21,32.05,2020-04-07,-
Alabama,1633.7000000000005,27.215999999999998,2020-04-22,97.025,2020-04-07,-
Arkansas,548.125,7.319,2020-04-27,22.025,2020-04-07,-
Arizona,1896.6250000000005,24.41,2020-04-23,61.025000000000006,2020-04-07,-
California,884.25,65.483,2020-04-17,144.05,2020-04-07,-
Colorado,170.025,15.036,2020-04-17,25.025,2020-04-07,-
Connecticut,9051.249999999996,137.953,2020-04-22,265.025,2020-04-07,-
District of Columbia,77.0,3.2310000000000003,2020-04-17,7.0,2020-04-07,-
Delaware,29.0,1.31,2020-04-17,4.0,2020-04-07,-
Florida,6996.849999999998,149.145,2020-04-23,207.04999999999998,2020-04-07,-
Georgia,3961.8500000000013,86.57600000000001,2020-04-21,130.05,2020-04-07,-
Hawaii,141.075,7.0760000000000005,2020-04-17,28.025,2020-04-07,-
Iowa,1623.15,19.230999999999998,2020-04-26,65.05,2020-04-07,-
Idaho,61.04999999999996,2.4930000000000003,2020-04-17,6.0,2020-04-07,-
Illinois,1680.6750000000004,73.423,2020-04-18,370.0,2020-04-07,-
Indiana,1125.375,43.213,2020-04-17,242.125,2020-04-07,-
Kansas,728.5249999999996,10.222999999999999,2020-04-23,30.0,2020-04-07,-
Kentucky,2584.275,32.556999999999995,2020-04-24,58.05,2020-04-07,-
Louisiana,95.05000000000001,15.395,2020-04-17,18.025,2020-04-07,-
Massachusetts,14007.949999999995,212.877,2020-04-18,559.574999999999,2020-04-07,-
Maryland,1809.675000000001,59.68,2020-04-17,199.125,2020-04-07,-
Maine,266.17499999999995,4.749,2020-04-19,16.0,2020-04-07,-
Michigan,593.2249999999999,61.913999999999994,2020-04-17,157.05,2020-04-07,-
Minnesota,1308.275,15.828,2020-04-26,54.025,2020-04-07,-
Missouri,873.2999999999998,16.735,2020-04-22,27.025,2020-04-07,-
Mississippi,347.15,10.984000000000002,2020-04-19,22.0,2020-04-07,-
Montana,276.17499999999995,3.569,2020-04-21,15.0,2020-04-07,-
North Carolina,1018.6749999999995,26.487,2020-04-17,74.1249999999999,2020-04-07,-
North Dakota,1230.3000000000002,14.759,2020-04-20,51.05,2020-04-07,-
Nebraska,754.2999999999998,9.98,2020-04-25,35.025,2020-04-07,-
New Hampshire,170.17499999999993,3.074,2020-04-17,12.0,2020-04-07,-
New Jersey,3652.2500000000005,236.475,2020-04-17,674.425,2020-04-07,-
New Mexico,1416.5,16.121,2020-04-22,63.025,2020-04-07,-
Nevada,760.2999999999998,21.558000000000003,2020-04-19,97.1,2020-04-07,-
New York,2948.7749999999987,385.642,2020-04-17,773.899999999999,2020-04-07,-
Ohio,198.025,18.972,2020-04-17,38.0,2020-04-07,-
Oklahoma,1506.4750000000001,22.583000000000002,2020-04-24,60.0,2020-04-07,-
Oregon,203.02499999999998,4.552,2020-04-24,6.0,2020-04-07,-
Pennsylvania,974.2749999999999,37.29,2020-04-17,75.0,2020-04-07,-
Rhode Island,3609.8250000000007,30.883000000000003,2020-04-29,166.3,2020-04-07,-
South Carolina,841.2249999999999,13.942,2020-04-25,27.0,2020-04-07,-
South Dakota,657.175,7.709,2020-04-27,26.0,2020-04-07,-
Tennessee,1206.6249999999998,25.378,2020-04-18,57.074999999999996,2020-04-07,-
Texas,4024.2750000000024,66.488,2020-04-24,155.0,2020-04-07,-
Utah,433.2249999999999,5.332000000000001,2020-04-26,17.0,2020-04-07,-
Virginia,2008.1000000000006,32.827,2020-04-22,83.0,2020-04-07,-
Vermont,28.024999999999977,1.193,2020-04-17,3.0,2020-04-07,-
Washington,191.05,14.640999999999998,2020-04-17,21.0,2020-04-07,-
Wisconsin,428.17499999999984,18.848,2020-04-17,66.0749999999999,2020-04-07,-
West Virginia,255.1999999999999,8.083,2020-04-17,37.0749999999999,2020-04-07,-
Wyoming,280.19999999999993,3.275,2020-04-30,14.0,2020-04-07,-
Alaska,13.02499999999998,0.47100000000000003,2020-04-29,2.0,2020-04-28,-
Alabama,211.2,7.851,2020-04-29,31.0,2020-04-28,-
Arkansas,432.22499999999997,3.03,2020-05-07,13.025,2020-04-28,-
Arizona,1832.8250000000005,15.579,2020-05-03,52.0,2020-04-28,-
California,781.0749999999999,43.461000000000006,2020-04-29,127.0,2020-04-28,-
Colorado,1158.15,30.464000000000002,2020-04-29,100.025,2020-04-28,-
Connecticut,5284.400000000001,96.20299999999999,2020-04-29,306.025,2020-04-28,-
District of Columbia,248.0,7.301,2020-04-29,29.0,2020-04-28,-
Delaware,90.0,4.119,2020-04-29,13.0,2020-04-28,-
Florida,2703.5250000000005,42.413000000000004,2020-04-29,125.025,2020-04-28,-
Georgia,3796.7000000000007,45.313,2020-04-29,142.0,2020-04-28,-
Hawaii,15.0,0.747,2020-04-29,4.0,2020-04-28,-
Iowa,682.3749999999999,7.997999999999999,2020-05-02,28.025,2020-04-28,-
Idaho,38.02499999999998,1.178,2020-04-29,4.0,2020-04-28,-
Illinois,696.05,43.982,2020-04-29,132.025,2020-04-28,-
Indiana,508.0999999999999,23.671,2020-04-29,77.0,2020-04-28,-
Kansas,717.2249999999999,6.542000000000001,2020-05-03,21.025,2020-04-28,-
Kentucky,747.1249999999999,11.198,2020-04-29,31.0,2020-04-28,-
Louisiana,779.2749999999997,33.283,2020-04-29,101.025,2020-04-28,-
Massachusetts,10083.99999999999,174.18200000000002,2020-04-29,532.425,2020-04-28,-
Maryland,830.4749999999998,37.842,2020-04-29,123.125,2020-04-28,-
Maine,55.0,1.847,2020-04-29,8.0,2020-04-28,-
Michigan,1205.2999999999997,68.01899999999999,2020-04-29,210.05,2020-04-28,-
Minnesota,1552.2250000000004,25.958000000000002,2020-05-02,82.025,2020-04-28,-
Missouri,439.075,14.787,2020-04-29,47.0,2020-04-28,-
Mississippi,263.225,9.524,2020-04-29,36.025,2020-04-28,-
Montana,24.0,0.818,2020-04-29,4.0,2020-04-28,-
North Carolina,120.05000000000001,7.9479999999999995,2020-04-29,28.025,2020-04-28,-
North Dakota,497.2,2.888,2020-05-13,11.025,2020-04-28,-
Nebraska,864.3249999999998,6.325,2020-05-12,24.0,2020-04-28,-
New Hampshire,56.02499999999998,1.8330000000000002,2020-04-29,8.02499999999998,2020-04-28,-
New Jersey,2510.4500000000003,139.275,2020-04-29,391.05,2020-04-28,-
New Mexico,458.19999999999993,7.151,2020-04-29,30.049999999999997,2020-04-28,-
Nevada,148.05,5.3420000000000005,2020-04-29,18.0,2020-04-28,-
New York,4889.574999999999,271.877,2020-04-29,734.05,2020-04-28,-
Ohio,184.05,14.529000000000002,2020-04-29,44.025,2020-04-28,-
Oklahoma,222.15,7.704,2020-04-29,25.025,2020-04-28,-
Oregon,120.07499999999993,2.443,2020-04-29,8.0,2020-04-28,-
Pennsylvania,1206.3000000000002,53.733999999999995,2020-04-29,160.025,2020-04-28,-
Rhode Island,929.7499999999994,17.048,2020-04-29,62.025000000000006,2020-04-28,-
South Carolina,716.2999999999997,8.445,2020-04-30,27.0,2020-04-28,-
South Dakota,27.02499999999998,0.757,2020-05-07,3.02499999999998,2020-04-28,-
Tennessee,125.0,5.059,2020-04-29,16.0,2020-04-28,-
Texas,2159.9500000000003,32.556999999999995,2020-04-29,101.05,2020-04-28,-
Utah,1333.075000000001,8.314,2020-05-10,36.025,2020-04-28,-
Virginia,504.42499999999984,18.293,2020-04-29,57.05,2020-04-28,-
Vermont,24.0,0.9620000000000001,2020-04-29,4.0,2020-04-28,-
Washington,357.19999999999993,9.837,2020-04-29,36.025,2020-04-28,-
Wisconsin,130.05,5.287999999999999,2020-04-29,16.0,2020-04-28,-
West Virginia,19.0,0.9209999999999999,2020-04-29,5.0,2020-04-28,-
Wyoming,132.0999999999999,1.5319999999999998,2020-05-08,6.024999999999981,2020-04-28,-
Alaska,670.3249999999998,17.883,2020-04-21,86.09999999999991,2020-04-03,-
Alabama,2803.5000000000005,42.68,2020-04-22,197.15,2020-04-03,-
Arkansas,746.2749999999999,10.415,2020-04-27,44.0,2020-04-03,-
Arizona,1335.5249999999999,17.406,2020-04-23,63.07499999999989,2020-04-03,-
California,1585.7,69.567,2020-04-17,284.42499999999995,2020-04-03,-
Colorado,142.04999999999998,8.491,2020-04-17,29.0,2020-04-03,-
Connecticut,15492.824999999997,191.88400000000001,2020-04-22,378.125,2020-04-03,-
District of Columbia,77.02499999999998,1.921,2020-04-17,7.0,2020-04-03,-
Delaware,32.02499999999998,1.275,2020-04-17,5.0,2020-04-03,-
Florida,13333.69999999999,242.472,2020-04-21,481.04999999999995,2020-04-03,-
Georgia,6498.474999999996,137.467,2020-04-21,297.025,2020-04-03,-
Hawaii,237.14999999999986,10.673,2020-04-17,56.074999999999896,2020-04-03,-
Iowa,1658.9749999999997,17.037,2020-04-26,94.05,2020-04-03,-
Idaho,104.04999999999998,2.935,2020-04-19,10.0,2020-04-03,-
Illinois,5003.574999999998,195.995,2020-04-19,916.649999999999,2020-04-03,-
Indiana,3213.475,95.95100000000001,2020-04-17,668.5,2020-04-03,-
Kansas,595.15,10.374,2020-04-23,36.0,2020-04-03,-
Kentucky,5900.949999999998,54.223,2020-04-25,115.1,2020-04-03,-
Louisiana,45.0,6.127999999999999,2020-04-17,13.0,2020-04-03,-
Massachusetts,23027.149999999998,372.69800000000004,2020-04-18,1464.05,2020-04-03,-
Maryland,5127.2999999999965,137.862,2020-04-19,783.15,2020-04-03,-
Maine,280.09999999999997,6.035,2020-04-19,28.05,2020-04-03,-
Michigan,1478.35,95.75,2020-04-17,446.075,2020-04-03,-
Minnesota,2003.9250000000004,24.456999999999997,2020-04-26,127.025,2020-04-03,-
Missouri,724.5249999999997,11.807,2020-04-18,41.12499999999989,2020-04-03,-
Mississippi,388.125,8.433,2020-04-19,28.0,2020-04-03,-
Montana,47.02499999999998,0.98,2020-04-17,4.0,2020-04-03,-
North Carolina,780.4499999999997,25.64,2020-04-17,92.025,2020-04-03,-
North Dakota,1447.525,22.063000000000002,2020-04-20,94.025,2020-04-03,-
Nebraska,1454.8999999999994,17.924,2020-04-25,86.09999999999991,2020-04-03,-
New Hampshire,72.0,1.6969999999999998,2020-04-17,6.0,2020-04-03,-
New Jersey,10375.074999999997,512.705,2020-04-18,1961.4750000000001,2020-04-03,-
New Mexico,2537.25,26.991,2020-04-22,128.075,2020-04-03,-
Nevada,2020.8500000000008,50.496,2020-04-20,214.125,2020-04-03,-
New York,6611.349999999999,504.911,2020-04-17,1738.025,2020-04-03,-
Ohio,337.17499999999995,21.224,2020-04-17,66.025,2020-04-03,-
Oklahoma,1837.6250000000005,28.555,2020-04-24,99.0,2020-04-03,-
Oregon,197.09999999999994,4.606,2020-04-21,7.024999999999981,2020-04-03,-
Pennsylvania,1026.375,28.265,2020-04-17,81.0,2020-04-03,-
Rhode Island,5804.949999999997,39.760999999999996,2020-04-29,297.549999999999,2020-04-03,-
South Carolina,1000.4249999999997,13.831,2020-04-29,51.025,2020-04-03,-
South Dakota,877.4499999999996,8.906,2020-04-27,36.0,2020-04-03,-
Tennessee,1088.3999999999999,25.349,2020-04-18,87.05,2020-04-03,-
Texas,3879.875000000002,71.70100000000001,2020-04-20,201.05,2020-04-03,-
Utah,584.2249999999999,6.6979999999999995,2020-04-26,26.025,2020-04-03,-
Virginia,3742.650000000001,59.382,2020-04-22,212.025,2020-04-03,-
Vermont,21.0,0.713,2020-04-17,2.0,2020-04-03,-
Washington,315.125,13.440999999999999,2020-04-17,37.025,2020-04-03,-
Wisconsin,1145.3249999999998,31.655,2020-04-21,101.05,2020-04-03,-
West Virginia,723.7249999999996,17.184,2020-04-17,102.05,2020-04-03,-
Wyoming,612.4499999999997,5.5760000000000005,2020-04-29,27.0749999999999,2020-04-03,-
Alaska,26.02499999999998,1.031,2020-04-28,4.0,2020-04-27,-
Alabama,328.17499999999995,11.099,2020-04-28,41.05,2020-04-27,-
Arkansas,493.3749999999999,3.685,2020-05-08,16.0,2020-04-27,-
Arizona,1999.5750000000012,16.166,2020-05-02,52.0,2020-04-27,-
California,812.175,45.011,2020-04-28,129.025,2020-04-27,-
Colorado,1254.5749999999998,33.568000000000005,2020-04-28,103.025,2020-04-27,-
Connecticut,5377.349999999998,104.416,2020-04-28,315.0,2020-04-27,-
District of Columbia,291.0,8.299,2020-04-28,32.0,2020-04-27,-
Delaware,110.04999999999995,5.003,2020-04-28,16.0,2020-04-27,-
Florida,3313.9999999999995,46.271,2020-04-28,143.075,2020-04-27,-
Georgia,5020.3499999999985,53.321999999999996,2020-05-01,169.05,2020-04-27,-
Hawaii,32.0,1.41,2020-04-28,7.0,2020-04-27,-
Iowa,818.4249999999998,7.915,2020-05-03,27.025,2020-04-27,-
Idaho,42.0,1.3730000000000002,2020-04-28,5.0,2020-04-27,-
Illinois,931.1999999999999,58.942,2020-04-28,162.075,2020-04-27,-
Indiana,602.125,27.423000000000002,2020-04-28,85.025,2020-04-27,-
Kansas,885.2499999999998,7.659,2020-05-03,25.0,2020-04-27,-
Kentucky,1226.6999999999998,15.038,2020-04-28,43.025,2020-04-27,-
Louisiana,966.1999999999999,41.048,2020-04-28,119.025,2020-04-27,-
Massachusetts,10577.199999999993,180.562,2020-04-28,551.125,2020-04-27,-
Maryland,873.4499999999998,39.873000000000005,2020-04-28,126.025,2020-04-27,-
Maine,70.04999999999995,2.222,2020-04-28,9.0,2020-04-27,-
Michigan,1370.4,75.913,2020-04-28,230.075,2020-04-27,-
Minnesota,1611.375000000001,25.99,2020-05-02,86.0,2020-04-27,-
Missouri,1105.6750000000002,14.365,2020-04-28,40.025,2020-04-27,-
Mississippi,578.2249999999999,12.561,2020-04-28,43.025,2020-04-27,-
Montana,62.02499999999998,1.7919999999999998,2020-04-28,8.0,2020-04-27,-
North Carolina,129.07499999999996,8.847000000000001,2020-04-28,30.0,2020-04-27,-
North Dakota,1083.4,5.657,2020-05-16,25.0,2020-04-27,-
Nebraska,1393.3250000000003,9.396,2020-05-14,39.0,2020-04-27,-
New Hampshire,56.049999999999955,1.9069999999999998,2020-04-28,8.0,2020-04-27,-
New Jersey,3189.375000000001,163.839,2020-04-28,462.025,2020-04-27,-
New Mexico,574.175,7.707999999999999,2020-04-28,32.0,2020-04-27,-
Nevada,210.025,6.845,2020-04-28,23.0,2020-04-27,-
New York,5667.624999999999,297.89099999999996,2020-04-28,832.025,2020-04-27,-
Ohio,268.15000000000003,18.817,2020-04-28,57.0,2020-04-27,-
Oklahoma,256.125,8.673,2020-04-28,28.025,2020-04-27,-
Oregon,130.02499999999998,2.694,2020-04-28,8.0,2020-04-27,-
Pennsylvania,1462.4250000000009,62.107,2020-04-28,184.05,2020-04-27,-
Rhode Island,1444.049999999999,23.268,2020-04-29,83.025,2020-04-27,-
South Carolina,680.3749999999998,8.699,2020-04-28,25.025,2020-04-27,-
South Dakota,174.07499999999993,0.835,2020-05-13,4.0,2020-04-27,-
Tennessee,234.0,6.0489999999999995,2020-04-28,20.0,2020-04-27,-
Texas,3246.950000000001,40.232,2020-05-01,144.0,2020-04-27,-
Utah,1906.1000000000017,11.508,2020-05-10,52.05,2020-04-27,-
Virginia,621.1499999999999,20.423,2020-04-28,66.025,2020-04-27,-
Vermont,32.0,1.013,2020-04-28,4.0,2020-04-27,-
Washington,335.24999999999994,10.036,2020-04-28,34.0,2020-04-27,-
Wisconsin,177.075,6.7170000000000005,2020-04-28,20.025,2020-04-27,-
West Virginia,25.0,1.256,2020-04-28,6.0,2020-04-27,-
Wyoming,268.225,3.529,2020-05-05,16.0,2020-04-27,-
Alaska,26.02499999999998,1.031,2020-04-28,4.0,2020-04-27,-
Alabama,328.17499999999995,11.099,2020-04-28,41.05,2020-04-27,-
Arkansas,493.3749999999999,3.685,2020-05-08,16.0,2020-04-27,-
Arizona,1999.5750000000012,16.166,2020-05-02,52.0,2020-04-27,-
California,812.175,45.011,2020-04-28,129.025,2020-04-27,-
Colorado,1254.5749999999998,33.568000000000005,2020-04-28,103.025,2020-04-27,-
Connecticut,5377.349999999998,104.416,2020-04-28,315.0,2020-04-27,-
District of Columbia,291.0,8.299,2020-04-28,32.0,2020-04-27,-
Delaware,110.04999999999995,5.003,2020-04-28,16.0,2020-04-27,-
Florida,3313.9999999999995,46.271,2020-04-28,143.075,2020-04-27,-
Georgia,5020.3499999999985,53.321999999999996,2020-05-01,169.05,2020-04-27,-
Hawaii,32.0,1.41,2020-04-28,7.0,2020-04-27,-
Iowa,818.4249999999998,7.915,2020-05-03,27.025,2020-04-27,-
Idaho,42.0,1.3730000000000002,2020-04-28,5.0,2020-04-27,-
Illinois,931.1999999999999,58.942,2020-04-28,162.075,2020-04-27,-
Indiana,602.125,27.423000000000002,2020-04-28,85.025,2020-04-27,-
Kansas,885.2499999999998,7.659,2020-05-03,25.0,2020-04-27,-
Kentucky,1226.6999999999998,15.038,2020-04-28,43.025,2020-04-27,-
Louisiana,966.1999999999999,41.048,2020-04-28,119.025,2020-04-27,-
Massachusetts,10577.199999999993,180.562,2020-04-28,551.125,2020-04-27,-
Maryland,873.4499999999998,39.873000000000005,2020-04-28,126.025,2020-04-27,-
Maine,70.04999999999995,2.222,2020-04-28,9.0,2020-04-27,-
Michigan,1370.4,75.913,2020-04-28,230.075,2020-04-27,-
Minnesota,1611.375000000001,25.99,2020-05-02,86.0,2020-04-27,-
Missouri,1105.6750000000002,14.365,2020-04-28,40.025,2020-04-27,-
Mississippi,578.2249999999999,12.561,2020-04-28,43.025,2020-04-27,-
Montana,62.02499999999998,1.7919999999999998,2020-04-28,8.0,2020-04-27,-
North Carolina,129.07499999999996,8.847000000000001,2020-04-28,30.0,2020-04-27,-
North Dakota,1083.4,5.657,2020-05-16,25.0,2020-04-27,-
Nebraska,1393.3250000000003,9.396,2020-05-14,39.0,2020-04-27,-
New Hampshire,56.049999999999955,1.9069999999999998,2020-04-28,8.0,2020-04-27,-
New Jersey,3189.375000000001,163.839,2020-04-28,462.025,2020-04-27,-
New Mexico,574.175,7.707999999999999,2020-04-28,32.0,2020-04-27,-
Nevada,210.025,6.845,2020-04-28,23.0,2020-04-27,-
New York,5667.624999999999,297.89099999999996,2020-04-28,832.025,2020-04-27,-
Ohio,268.15000000000003,18.817,2020-04-28,57.0,2020-04-27,-
Oklahoma,256.125,8.673,2020-04-28,28.025,2020-04-27,-
Oregon,130.02499999999998,2.694,2020-04-28,8.0,2020-04-27,-
Pennsylvania,1462.4250000000009,62.107,2020-04-28,184.05,2020-04-27,-
Rhode Island,1444.049999999999,23.268,2020-04-29,83.025,2020-04-27,-
South Carolina,680.3749999999998,8.699,2020-04-28,25.025,2020-04-27,-
South Dakota,174.07499999999993,0.835,2020-05-13,4.0,2020-04-27,-
Tennessee,234.0,6.0489999999999995,2020-04-28,20.0,2020-04-27,-
Texas,3246.950000000001,40.232,2020-05-01,144.0,2020-04-27,-
Utah,1906.1000000000017,11.508,2020-05-10,52.05,2020-04-27,-
Virginia,621.1499999999999,20.423,2020-04-28,66.025,2020-04-27,-
Vermont,32.0,1.013,2020-04-28,4.0,2020-04-27,-
Washington,335.24999999999994,10.036,2020-04-28,34.0,2020-04-27,-
Wisconsin,177.075,6.7170000000000005,2020-04-28,20.025,2020-04-27,-
West Virginia,25.0,1.256,2020-04-28,6.0,2020-04-27,-
Wyoming,268.225,3.529,2020-05-05,16.0,2020-04-27,-
Alaska,0.0,0.0,2020-05-05,0.0,2020-05-04,-
Alabama,10620.57499999999,29.305,2020-06-28,187.0,2020-05-04,-
Arkansas,321.04999999999995,2.439,2020-05-08,2.0,2020-05-04,-
Arizona,1948.5000000000005,13.332,2020-05-06,17.0,2020-05-04,-
California,6005.624999999996,78.809,2020-05-05,45.0,2020-05-04,-
Colorado,643.0999999999999,24.587,2020-05-05,15.0,2020-05-04,-
Connecticut,2629.4250000000006,77.336,2020-05-05,39.025000000000006,2020-05-04,-
District of Columbia,649.1249999999999,13.092,2020-05-05,11.024999999999999,2020-05-04,-
Delaware,1045.1749999999997,10.53,2020-05-05,11.0,2020-05-04,-
Florida,9079.524999999996,46.608000000000004,2020-05-05,33.0,2020-05-04,-
Georgia,9982.899999999992,60.909,2020-05-30,158.025,2020-05-04,-
Hawaii,3.0,1.0,2020-05-05,0.0,2020-05-04,-
Iowa,6489.824999999994,20.761999999999997,2020-06-09,104.025,2020-05-04,-
Idaho,40.02499999999998,1.001,2020-05-05,0.0,2020-05-04,-
Illinois,8905.074999999993,122.991,2020-05-05,85.025,2020-05-04,-
Indiana,18993.000000000004,87.421,2020-05-07,109.0,2020-05-04,-
Kansas,277.07499999999993,3.4760000000000004,2020-05-05,3.0,2020-05-04,-
Kentucky,690.1749999999998,7.994,2020-05-05,7.0,2020-05-04,-
Louisiana,972.3499999999997,43.74,2020-05-05,17.0,2020-05-04,-
Massachusetts,6656.974999999994,189.571,2020-05-05,139.0,2020-05-04,-
Maryland,1726.4000000000005,53.902,2020-05-05,36.0,2020-05-04,-
Maine,81.04999999999995,1.133,2020-05-05,1.0,2020-05-04,-
Michigan,5818.124999999998,125.541,2020-05-05,74.025,2020-05-04,-
Minnesota,5448.299999999997,41.409,2020-05-16,93.025,2020-05-04,-
Missouri,3613.550000000001,13.648,2020-05-05,14.0,2020-05-04,-
Mississippi,505.1499999999999,8.511000000000001,2020-05-05,9.0,2020-05-04,-
Montana,0.0,0.0,2020-05-05,0.0,2020-05-04,-
North Carolina,1907.3750000000005,23.471,2020-05-05,20.0,2020-05-04,-
North Dakota,41.0,1.073,2020-05-05,1.0,2020-05-04,-
Nebraska,1058.1749999999997,6.4110000000000005,2020-05-17,16.0,2020-05-04,-
New Hampshire,303.025,3.549,2020-05-06,2.0,2020-05-04,-
New Jersey,13557.374999999993,298.98,2020-05-05,189.05,2020-05-04,-
New Mexico,1006.2999999999998,8.221,2020-05-06,10.0,2020-05-04,-
Nevada,557.05,8.138,2020-05-05,4.0,2020-05-04,-
New York,7330.849999999995,406.31199999999995,2020-05-05,233.04999999999995,2020-05-04,-
Ohio,3591.1250000000036,66.22800000000001,2020-05-05,48.025000000000006,2020-05-04,-
Oklahoma,444.075,7.075,2020-05-05,6.0,2020-05-04,-
Oregon,139.04999999999998,3.02,2020-05-05,3.0,2020-05-04,-
Pennsylvania,17200.05,174.25400000000002,2020-05-06,156.0,2020-05-04,-
Rhode Island,279.025,10.632,2020-05-05,8.0,2020-05-04,-
South Carolina,2796.950000000002,22.07,2020-05-08,26.0,2020-05-04,-
South Dakota,1442.5,3.9989999999999997,2020-06-20,24.0,2020-05-04,-
Tennessee,841.1749999999998,6.7829999999999995,2020-05-05,8.0,2020-05-04,-
Texas,9000.624999999995,41.008,2020-05-30,114.025,2020-05-04,-
Utah,78.025,1.5830000000000002,2020-05-05,2.0,2020-05-04,-
Virginia,1204.4750000000004,28.866999999999997,2020-05-05,20.025,2020-05-04,-
Vermont,5.0,0.99,2020-05-05,0.0,2020-05-04,-
Washington,220.0,14.794,2020-05-05,6.0,2020-05-04,-
Wisconsin,654.2499999999999,10.05,2020-05-05,7.0,2020-05-04,-
West Virginia,341.04999999999995,1.976,2020-05-05,2.0,2020-05-04,-
Wyoming,0.0,0.0,2020-05-05,0.0,2020-05-04,-
Alaska,190.07499999999996,4.699,2020-04-17,6.0,2020-03-31,-
Alabama,13521.924999999996,341.035,2020-04-22,839.0749999999999,2020-03-31,-
Arkansas,758.0999999999999,18.444000000000003,2020-04-26,21.0,2020-03-31,-
Arizona,2137.3250000000003,40.092,2020-04-28,71.025,2020-03-31,-
California,9391.949999999997,122.35799999999999,2020-04-29,258.0,2020-03-31,-
Colorado,1673.4250000000006,84.609,2020-04-18,73.0,2020-03-31,-
Connecticut,888.15,40.547,2020-04-17,43.025,2020-03-31,-
District of Columbia,148.04999999999998,9.299,2020-04-17,5.0,2020-03-31,-
Delaware,56.049999999999976,7.354,2020-04-17,4.0,2020-03-31,-
Florida,13372.424999999996,178.611,2020-05-04,419.15,2020-03-31,-
Georgia,785.125,85.936,2020-04-24,24.0,2020-03-31,-
Hawaii,623.125,12.0,2020-05-03,14.0,2020-03-31,-
Iowa,728.1999999999999,45.123000000000005,2020-05-01,25.0,2020-03-31,-
Idaho,583.0,11.517999999999999,2020-04-26,17.0,2020-03-31,-
Illinois,8329.549999999996,92.795,2020-04-18,217.025,2020-03-31,-
Indiana,1503.3000000000002,36.426,2020-04-20,53.0,2020-03-31,-
Kansas,1061.1,17.88,2020-04-30,35.0,2020-03-31,-
Kentucky,1541.1000000000001,15.055,2020-05-17,34.0,2020-03-31,-
Louisiana,1080.0,67.133,2020-04-17,128.0,2020-03-31,-
Massachusetts,2644.225000000001,99.029,2020-04-17,129.05,2020-03-31,-
Maryland,2855.05,51.251000000000005,2020-04-29,101.0,2020-03-31,-
Maine,411.07499999999993,12.215,2020-04-18,14.0,2020-03-31,-
Michigan,1148.05,123.59700000000001,2020-04-17,171.0,2020-03-31,-
Minnesota,2970.075000000002,38.38,2020-04-24,95.0,2020-03-31,-
Missouri,2355.225,22.07,2020-05-21,47.0,2020-03-31,-
Mississippi,1009.075,39.995,2020-04-23,43.0,2020-03-31,-
Montana,361.025,8.792,2020-04-27,10.0,2020-03-31,-
North Carolina,4277.875000000001,49.856,2020-04-28,135.025,2020-03-31,-
North Dakota,228.02499999999998,5.596,2020-04-22,7.0,2020-03-31,-
Nebraska,647.1999999999999,14.544,2020-04-24,18.0,2020-03-31,-
New Hampshire,392.075,11.062000000000001,2020-04-18,13.0,2020-03-31,-
New Jersey,714.075,69.233,2020-04-17,100.025,2020-03-31,-
New Mexico,734.1,17.136,2020-04-25,20.025,2020-03-31,-
Nevada,1117.125,31.139,2020-04-22,43.0,2020-03-31,-
New York,4099.125,568.237,2020-04-17,573.025,2020-03-31,-
Ohio,2337.05,68.164,2020-04-20,112.0,2020-03-31,-
Oklahoma,409.1,48.773,2020-04-23,17.0,2020-03-31,-
Oregon,910.1499999999999,10.811,2020-05-08,20.025,2020-03-31,-
Pennsylvania,1722.075,60.457,2020-04-18,83.0,2020-03-31,-
Rhode Island,329.15,8.597999999999999,2020-04-21,10.0,2020-03-31,-
South Carolina,1409.3000000000006,29.726999999999997,2020-04-29,43.0,2020-03-31,-
South Dakota,365.1,6.47,2020-05-04,7.0,2020-03-31,-
Tennessee,1261.2250000000001,158.64,2020-04-20,75.0,2020-03-31,-
Texas,10759.399999999996,153.968,2020-05-07,308.0,2020-03-31,-
Utah,865.0749999999999,17.877,2020-04-24,22.0,2020-03-31,-
Virginia,8692.599999999997,57.864,2020-05-22,182.025,2020-03-31,-
Vermont,31.0,1.5519999999999998,2020-04-17,2.0,2020-03-31,-
Washington,1720.1750000000004,23.015,2020-04-17,35.025,2020-03-31,-
Wisconsin,1540.0500000000002,24.71,2020-04-29,46.0,2020-03-31,-
West Virginia,807.15,15.713,2020-05-03,17.0,2020-03-31,-
Wyoming,254.17499999999987,4.501,2020-05-04,5.025,2020-03-31,-
